('G', 'G', 'T', 'A')	112
('G', 'G', 'T', 'T')	224
('G', 'G', 'C', 'A')	0
('G', 'G', 'C', 'T')	0
('G', 'A', 'T', 'A')	0
('G', 'A', 'T', 'T')	0
('G', 'A', 'C', 'A')	542
('G', 'A', 'C', 'T')	0
('A', 'G', 'T', 'A')	0
('A', 'G', 'T', 'T')	0
('A', 'G', 'C', 'A')	0
('A', 'G', 'C', 'T')	0
('A', 'A', 'T', 'A')	87
('A', 'A', 'T', 'T')	0
('A', 'A', 'C', 'A')	349
('A', 'A', 'C', 'T')	1
('G', 'T', 'C', 'A')	2
('A', 'G', 'T', 'G')	1
('T', 'C', 'A', 'T')	12
('G', 'C', 'C', 'A')	1
('G', 'T', 'T', 'T')	1
