('G', 'G', 'T', 'A')	1564
('G', 'G', 'T', 'T')	2
('G', 'G', 'C', 'A')	0
('G', 'G', 'C', 'T')	0
('G', 'A', 'T', 'A')	1
('G', 'A', 'T', 'T')	0
('G', 'A', 'C', 'A')	1
('G', 'A', 'C', 'T')	0
('A', 'G', 'T', 'A')	0
('A', 'G', 'T', 'T')	0
('A', 'G', 'C', 'A')	0
('A', 'G', 'C', 'T')	0
('A', 'A', 'T', 'A')	0
('A', 'A', 'T', 'T')	0
('A', 'A', 'C', 'A')	2
('A', 'A', 'C', 'T')	0
('G', 'T', 'T', 'A')	3
('A', 'T', 'A', 'T')	2
('G', 'G', 'T', 'G')	1
('G', 'G', 'A', 'A')	1
('T', 'C', 'A', 'T')	25
('G', 'T', 'C', 'A')	2
('T', 'T', 'A', 'C')	1
('T', 'G', 'T', 'A')	5
('T', 'A', 'G', 'C')	1
('A', 'T', 'T', 'G')	1
