('G', 'G', 'T', 'A')	0
('G', 'G', 'T', 'T')	0
('G', 'G', 'C', 'A')	0
('G', 'G', 'C', 'T')	0
('G', 'A', 'T', 'A')	0
('G', 'A', 'T', 'T')	0
('G', 'A', 'C', 'A')	726
('G', 'A', 'C', 'T')	1
('A', 'G', 'T', 'A')	1
('A', 'G', 'T', 'T')	0
('A', 'G', 'C', 'A')	0
('A', 'G', 'C', 'T')	0
('A', 'A', 'T', 'A')	0
('A', 'A', 'T', 'T')	0
('A', 'A', 'C', 'A')	693
('A', 'A', 'C', 'T')	1
('T', 'C', 'A', 'T')	11
('G', 'T', 'C', 'A')	29
('T', 'T', 'T', 'T')	1
('A', 'A', 'A', 'A')	2
('G', 'A', 'C', 'C')	1
('G', 'A', 'G', 'A')	1
('A', 'C', 'A', 'T')	1
('G', 'T', 'G', 'T')	1
('G', 'T', 'T', 'C')	1
